{"function_name":"base64::alphabet::{impl#0}::new","tests":33,"tests_lines":[5,4,5,5,7,9,9,7,5,7,5,24,25,30,33,23,10,8,11,25,34,8,11,9,9,6,7,5,5,8,5,5,9],"tests_compiled":23,"tests_compiled_rate":69.6969696969697,"tests_run":23,"tests_passed":12,"tests_passed_rate":52.17391304347826,"lines":42,"lines_covered":40,"lines_coveraged_rate":95.23809523809523,"branches":1,"branches_covered":1,"branches_coveraged_rate":100.0}