{"function_name":"hashbrown::raw::{impl#3}::calculate_layout_for","tests":40,"tests_lines":[14,12,12,16,12,14,12,12,12,15,68,14,31,13,15,15,13,13,12,16,10,15,18,20,11,11,32,22,26,22,26,12,6,5,5,5,5,5,7,5],"tests_compiled":24,"tests_compiled_rate":60.0,"tests_run":24,"tests_passed":2,"tests_passed_rate":8.333333333333332,"lines":15,"lines_covered":14,"lines_coveraged_rate":93.33333333333333,"branches":1,"branches_covered":1,"branches_coveraged_rate":100.0}