{"function_name":"ryu::d2s::d2d","tests":25,"tests_lines":[105,64,58,14,14,27,27,27,55,49,74,80,13,13,13,13,9,9,9,9,9,50,51,36,21],"tests_compiled":14,"tests_compiled_rate":56.00000000000001,"tests_run":14,"tests_passed":6,"tests_passed_rate":42.857142857142854,"lines":171,"lines_covered":135,"lines_coveraged_rate":78.94736842105263,"branches":1,"branches_covered":1,"branches_coveraged_rate":100.0}