{"function_name":"base64::engine::general_purpose::decode_suffix::decode_suffix","tests":34,"tests_lines":[27,26,12,31,34,23,23,16,16,16,12,22,27,20,20,42,12,12,26,22,24,16,17,22,28,87,19,23,22,21,21,34,15,12],"tests_compiled":12,"tests_compiled_rate":35.294117647058826,"tests_run":12,"tests_passed":2,"tests_passed_rate":16.666666666666664,"lines":98,"lines_covered":87,"lines_coveraged_rate":88.77551020408163,"branches":1,"branches_covered":1,"branches_coveraged_rate":100.0}