{"function_name":"base64::encode::add_padding","tests":39,"tests_lines":[10,49,49,28,64,20,12,11,12,11,10,11,8,9,11,11,8,9,8,8,11,11,11,13,8,11,11,8,36,8,8,11,8,13,11,8,11,11,10],"tests_compiled":26,"tests_compiled_rate":66.66666666666666,"tests_run":26,"tests_passed":15,"tests_passed_rate":57.692307692307686,"lines":7,"lines_covered":7,"lines_coveraged_rate":100.0,"branches":1,"branches_covered":1,"branches_coveraged_rate":100.0}