{"function_name":"base64::alphabet::{impl#0}::new","tests":35,"tests_lines":[5,5,5,4,4,5,4,5,5,5,5,5,9,4,4,5,4,5,6,6,6,6,6,5,13,13,4,7,7,7,4,4,4,4,4],"tests_compiled":34,"tests_compiled_rate":97.14285714285714,"tests_run":34,"tests_passed":14,"tests_passed_rate":41.17647058823529,"lines":42,"lines_covered":40,"lines_coveraged_rate":95.23809523809523,"branches":1,"branches_covered":1,"branches_coveraged_rate":100.0}