{"function_name":"ryu::pretty::format32","tests":28,"tests_lines":[12,12,12,15,15,15,15,10,10,10,10,10,14,14,14,14,9,9,9,9,9,10,10,10,10,9,9,9],"tests_compiled":14,"tests_compiled_rate":50.0,"tests_run":14,"tests_passed":9,"tests_passed_rate":64.28571428571429,"lines":57,"lines_covered":53,"lines_coveraged_rate":92.98245614035088,"branches":1,"branches_covered":1,"branches_coveraged_rate":100.0}