{"function_name":"ryu::d2s::d2d","tests":61,"tests_lines":[9,9,9,8,9,9,9,9,9,9,9,9,9,9,7,7,7,7,7,7,6,7,10,10,10,10,10,7,6,6,6,6,6,6,6,12,9,11,8,7,7,6,7,6,6,6,6,6,6,6,6,9,8,8,8,8,8,8,8,8,16],"tests_compiled":56,"tests_compiled_rate":91.80327868852459,"tests_run":56,"tests_passed":18,"tests_passed_rate":32.142857142857146,"lines":171,"lines_covered":135,"lines_coveraged_rate":78.94736842105263,"branches":1,"branches_covered":1,"branches_coveraged_rate":100.0}