{"function_name":"bytes::bytes_mut::{impl#0}::advance_unchecked","tests":32,"tests_lines":[13,11,12,11,12,11,12,14,21,13,34,11,18,14,10,11,9,9,16,11,12,8,10,22,17,12,10,8,13,11,11,19],"tests_compiled":9,"tests_compiled_rate":28.125,"tests_run":9,"tests_passed":3,"tests_passed_rate":33.33333333333333,"lines":27,"lines_covered":20,"lines_coveraged_rate":74.07407407407408,"branches":1,"branches_covered":1,"branches_coveraged_rate":100.0}