{"function_name":"serde_json::read::push_wtf8_codepoint","tests":27,"tests_lines":[8,9,8,10,8,10,10,7,10,10,10,8,10,11,11,13,10,13,12,8,43,7,10,17,9,11,17],"tests_compiled":9,"tests_compiled_rate":33.33333333333333,"tests_run":9,"tests_passed":7,"tests_passed_rate":77.77777777777779,"lines":38,"lines_covered":37,"lines_coveraged_rate":97.36842105263158,"branches":1,"branches_covered":1,"branches_coveraged_rate":100.0}