{"function_name":"proc_macro2::parse::literal_nocapture","tests":43,"tests_lines":[19,12,12,12,35,11,31,10,35,11,31,10,11,21,15,10,10,10,24,24,9,8,12,12,9,11,10,7,10,15,9,9,8,8,10,8,25,8,7,8,24,31,31],"tests_compiled":6,"tests_compiled_rate":13.953488372093023,"tests_run":6,"tests_passed":0,"tests_passed_rate":0.0,"lines":17,"lines_covered":16,"lines_coveraged_rate":94.11764705882352,"branches":1,"branches_covered":1,"branches_coveraged_rate":100.0}