{"function_name":"proc_macro2::parse::character","tests":41,"tests_lines":[5,5,8,5,18,14,8,8,17,14,15,15,11,14,12,49,19,23,14,15,14,14,17,14,17,16,40,17,17,39,35,7,7,7,8,7,8,6,6,8,7],"tests_compiled":1,"tests_compiled_rate":2.4390243902439024,"tests_run":1,"tests_passed":0,"tests_passed_rate":0.0,"lines":17,"lines_covered":14,"lines_coveraged_rate":82.35294117647058,"branches":1,"branches_covered":1,"branches_coveraged_rate":100.0}