{"function_name":"proc_macro2::parse::skip_whitespace","tests":57,"tests_lines":[11,8,13,7,7,10,16,12,19,17,11,7,15,16,14,19,11,15,9,7,8,16,7,5,13,7,13,11,12,12,10,14,13,6,8,20,18,17,20,9,14,15,8,27,13,12,15,15,9,13,9,10,12,15,12,7,7],"tests_compiled":45,"tests_compiled_rate":78.94736842105263,"tests_run":45,"tests_passed":6,"tests_passed_rate":13.333333333333334,"lines":37,"lines_covered":35,"lines_coveraged_rate":94.5945945945946,"branches":1,"branches_covered":1,"branches_coveraged_rate":100.0}