{"function_name":"proc_macro2::parse::byte","tests":34,"tests_lines":[14,5,14,6,11,25,16,11,14,27,14,24,8,16,14,20,14,12,10,10,50,10,10,10,15,23,17,6,7,5,6,5,6,25],"tests_compiled":4,"tests_compiled_rate":11.76470588235294,"tests_run":4,"tests_passed":3,"tests_passed_rate":75.0,"lines":19,"lines_covered":18,"lines_coveraged_rate":94.73684210526315,"branches":1,"branches_covered":1,"branches_coveraged_rate":100.0}