{"function_name":"proc_macro2::parse::float_digits","tests":67,"tests_lines":[7,7,5,7,7,26,9,7,19,5,7,5,7,6,5,30,13,29,24,15,12,9,9,13,14,14,9,19,38,13,12,26,12,9,11,15,19,10,14,15,15,17,13,13,27,10,8,22,14,8,9,10,11,23,13,18,10,5,23,23,7,6,8,23,5,6,6],"tests_compiled":2,"tests_compiled_rate":2.9850746268656714,"tests_run":2,"tests_passed":1,"tests_passed_rate":50.0,"lines":67,"lines_covered":56,"lines_coveraged_rate":83.5820895522388,"branches":1,"branches_covered":1,"branches_coveraged_rate":100.0}