{"function_name":"proc_macro2::parse::cooked_string","tests":59,"tests_lines":[9,44,20,24,6,7,7,7,17,21,20,18,25,24,8,6,39,14,6,13,10,19,14,7,14,6,8,41,23,34,8,8,24,12,10,10,10,29,22,8,9,11,22,10,43,7,9,11,13,10,10,6,6,11,8,9,5,10,6],"tests_compiled":8,"tests_compiled_rate":13.559322033898304,"tests_run":8,"tests_passed":4,"tests_passed_rate":50.0,"lines":21,"lines_covered":14,"lines_coveraged_rate":66.66666666666666,"branches":1,"branches_covered":1,"branches_coveraged_rate":100.0}