{"function_name":"proc_macro2::parse::block_comment","tests":38,"tests_lines":[19,17,10,5,5,6,6,6,12,9,12,18,19,13,15,15,15,9,10,23,24,5,5,5,14,7,12,15,21,20,13,7,7,7,7,6,7,6],"tests_compiled":1,"tests_compiled_rate":2.631578947368421,"tests_run":1,"tests_passed":1,"tests_passed_rate":100.0,"lines":23,"lines_covered":16,"lines_coveraged_rate":69.56521739130434,"branches":1,"branches_covered":1,"branches_coveraged_rate":100.0}