{"function_name":"proc_macro2::parse::backslash_u","tests":44,"tests_lines":[17,15,14,6,5,6,5,5,5,43,35,37,15,15,16,13,15,13,16,14,13,5,5,5,21,10,10,9,10,12,15,32,33,71,14,5,5,5,5,13,14,10,9,11],"tests_compiled":2,"tests_compiled_rate":4.545454545454546,"tests_run":2,"tests_passed":2,"tests_passed_rate":100.0,"lines":23,"lines_covered":20,"lines_coveraged_rate":86.95652173913044,"branches":1,"branches_covered":1,"branches_coveraged_rate":100.0}