{"function_name":"serde::__private::de::content::{impl#0}::unexpected","tests":73,"tests_lines":[8,5,8,10,5,7,7,7,7,5,5,5,5,11,7,9,9,5,12,6,10,6,5,6,7,5,5,23,7,5,7,7,5,5,5,7,7,5,41,19,15,5,7,5,5,7,7,5,5,5,7,7,5,5,5,5,7,5,5,5,5,7,5,7,5,5,12,7,5,7,7,8,8],"tests_compiled":62,"tests_compiled_rate":84.93150684931507,"tests_run":62,"tests_passed":60,"tests_passed_rate":96.7741935483871,"lines":24,"lines_covered":21,"lines_coveraged_rate":87.5,"branches":1,"branches_covered":1,"branches_coveraged_rate":100.0}