{"function_name":"serde::de::size_hint::cautious","tests":89,"tests_lines":[4,4,6,5,8,4,4,4,4,4,4,4,5,6,4,4,7,19,4,4,7,4,6,4,4,4,4,7,4,4,4,4,7,4,5,4,4,4,4,4,4,4,4,4,7,4,4,4,4,5,5,5,5,5,9,5,5,5,7,5,7,9,5,5,7,5,7,5,5,7,12,5,5,7,10,5,7,5,5,5,5,7,7,10,4,4,4,4,4],"tests_compiled":84,"tests_compiled_rate":94.3820224719101,"tests_run":84,"tests_passed":58,"tests_passed_rate":69.04761904761905,"lines":8,"lines_covered":8,"lines_coveraged_rate":100.0,"branches":1,"branches_covered":1,"branches_coveraged_rate":100.0}