{"function_name":"serde::de::{impl#0}::fmt","tests":88,"tests_lines":[25,6,6,9,11,6,7,9,6,6,9,13,8,12,6,9,17,18,6,6,8,8,6,10,6,6,10,10,6,61,12,6,9,6,10,6,7,8,6,6,6,7,10,8,17,23,7,11,51,17,6,6,13,7,6,23,7,8,11,7,12,12,12,13,7,18,9,10,6,12,7,7,7,18,21,6,7,6,9,10,10,10,10,10,7,6,6,7],"tests_compiled":1,"tests_compiled_rate":1.1363636363636365,"tests_run":1,"tests_passed":1,"tests_passed_rate":100.0,"lines":21,"lines_covered":4,"lines_coveraged_rate":19.047619047619047,"branches":1,"branches_covered":1,"branches_coveraged_rate":100.0}