{"function_name":"url::{impl#1}::set_scheme","tests":41,"tests_lines":[6,18,7,6,5,6,6,6,11,18,11,9,13,12,5,5,5,5,5,5,5,8,5,5,5,6,5,5,5,5,5,5,11,8,18,10,8,9,5,5,5],"tests_compiled":31,"tests_compiled_rate":75.60975609756098,"tests_run":31,"tests_passed":21,"tests_passed_rate":67.74193548387096,"lines":44,"lines_covered":43,"lines_coveraged_rate":97.72727272727273,"branches":1,"branches_covered":1,"branches_coveraged_rate":100.0}