{"function_name":"url::quirks::set_hostname","tests":36,"tests_lines":[17,17,24,18,22,23,25,6,6,6,25,27,30,29,30,29,20,25,27,7,10,10,15,7,9,10,20,20,10,8,13,5,34,15,8,11],"tests_compiled":24,"tests_compiled_rate":66.66666666666666,"tests_run":24,"tests_passed":5,"tests_passed_rate":20.833333333333336,"lines":26,"lines_covered":19,"lines_coveraged_rate":73.07692307692307,"branches":1,"branches_covered":1,"branches_coveraged_rate":100.0}