{"function_name":"url::quirks::set_host","tests":27,"tests_lines":[17,17,32,20,17,17,22,22,23,32,25,22,24,16,19,16,20,20,20,21,27,22,18,18,18,18,18],"tests_compiled":21,"tests_compiled_rate":77.77777777777779,"tests_run":21,"tests_passed":10,"tests_passed_rate":47.61904761904761,"lines":34,"lines_covered":32,"lines_coveraged_rate":94.11764705882352,"branches":1,"branches_covered":1,"branches_coveraged_rate":100.0}