{"function_name":"url::{impl#1}::make_relative","tests":41,"tests_lines":[6,6,6,6,6,6,6,6,6,6,6,6,6,13,23,24,7,23,24,21,20,6,20,24,24,18,19,11,17,16,6,15,17,16,15,9,17,17,6,18,13],"tests_compiled":11,"tests_compiled_rate":26.82926829268293,"tests_run":11,"tests_passed":7,"tests_passed_rate":63.63636363636363,"lines":63,"lines_covered":52,"lines_coveraged_rate":82.53968253968253,"branches":1,"branches_covered":1,"branches_coveraged_rate":100.0}