{"function_name":"ryu::common::decimal_length9","tests":70,"tests_lines":[7,5,5,5,5,5,5,5,5,5,5,5,5,6,5,5,5,5,5,5,5,5,5,5,5,5,5,5,5,5,5,5,5,5,5,5,5,5,5,5,5,5,4,4,4,4,4,4,4,4,4,4,21,12,12,20,13,15,4,8,21,13,17,8,22,4,4,5,4,4],"tests_compiled":69,"tests_compiled_rate":98.57142857142858,"tests_run":69,"tests_passed":43,"tests_passed_rate":62.31884057971014,"lines":22,"lines_covered":22,"lines_coveraged_rate":100.0,"branches":1,"branches_covered":1,"branches_coveraged_rate":100.0}