{"function_name":"ryu::pretty::format32","tests":33,"tests_lines":[10,22,22,12,22,22,15,10,7,16,13,13,11,16,9,10,8,14,12,17,13,9,21,9,8,9,10,10,21,9,10,22,8],"tests_compiled":2,"tests_compiled_rate":6.0606060606060606,"tests_run":2,"tests_passed":2,"tests_passed_rate":100.0,"lines":57,"lines_covered":28,"lines_coveraged_rate":49.122807017543856,"branches":1,"branches_covered":1,"branches_coveraged_rate":100.0}