{"function_name":"ryu::d2s::d2d","tests":63,"tests_lines":[17,7,17,13,17,19,13,12,12,16,10,10,11,14,17,13,13,19,10,22,10,21,7,10,11,16,12,9,13,9,16,13,19,16,16,53,14,17,15,45,19,14,11,17,23,19,18,23,38,19,58,16,11,17,34,12,14,11,11,35,11,9,10],"tests_compiled":49,"tests_compiled_rate":77.77777777777779,"tests_run":49,"tests_passed":2,"tests_passed_rate":4.081632653061225,"lines":171,"lines_covered":115,"lines_coveraged_rate":67.2514619883041,"branches":1,"branches_covered":1,"branches_coveraged_rate":100.0}