{"function_name":"base64::engine::general_purpose::decode_suffix::decode_suffix","tests":34,"tests_lines":[27,26,12,31,34,23,23,16,16,16,12,23,27,20,20,42,12,12,26,22,24,16,17,22,28,87,19,23,22,21,21,34,15,12],"tests_compiled":24,"tests_compiled_rate":70.58823529411765,"tests_run":24,"tests_passed":4,"tests_passed_rate":16.666666666666664,"lines":98,"lines_covered":88,"lines_coveraged_rate":89.79591836734694,"branches":1,"branches_covered":1,"branches_coveraged_rate":100.0}