{"function_name":"base64::encode::add_padding","tests":39,"tests_lines":[10,49,49,28,64,20,12,11,12,11,10,11,8,9,11,11,8,9,8,8,11,11,11,13,8,11,11,8,36,8,8,11,8,13,11,8,11,11,10],"tests_compiled":38,"tests_compiled_rate":97.43589743589743,"tests_run":38,"tests_passed":18,"tests_passed_rate":47.368421052631575,"lines":7,"lines_covered":7,"lines_coveraged_rate":100.0,"branches":1,"branches_covered":1,"branches_coveraged_rate":100.0}