{"function_name":"ryu::d2s::decimal_length17","tests":164,"tests_lines":[5,5,5,5,5,5,5,5,5,5,5,5,8,5,5,50,38,5,5,5,38,5,5,16,17,5,5,5,5,5,5,5,5,5,4,4,4,4,4,4,4,4,4,5,5,5,26,5,5,5,8,14,13,5,5,19,9,14,5,22,5,16,5,5,5,5,5,5,41,5,5,5,15,5,5,5,5,5,5,5,5,5,25,20,5,24,23,5,35,37,5,17,5,5,5,5,5,5,5,5,5,5,5,14,5,5,6,5,21,33,87,5,9,5,5,9,20,5,5,5,5,5,5,5,5,5,5,5,5,37,20,20,18,38,19,22,21,23,26,22,15,5,5,25,22,37,13,21,12,21,23,4,9,4,21,21,19,21,5,20,20,21,21,4],"tests_compiled":141,"tests_compiled_rate":85.97560975609755,"tests_run":141,"tests_passed":83,"tests_passed_rate":58.86524822695035,"lines":40,"lines_covered":40,"lines_coveraged_rate":100.0,"branches":1,"branches_covered":1,"branches_coveraged_rate":100.0}