{"function_name":"strsim::generic_damerau_levenshtein","tests":30,"tests_lines":[6,6,6,15,15,6,6,6,10,10,16,10,31,15,12,16,24,27,12,15,15,15,14,16,18,4,9,9,13,10],"tests_compiled":29,"tests_compiled_rate":96.66666666666667,"tests_run":29,"tests_passed":7,"tests_passed_rate":24.137931034482758,"lines":50,"lines_covered":50,"lines_coveraged_rate":100.0,"branches":1,"branches_covered":1,"branches_coveraged_rate":100.0}