{"function_name":"idna::uts46::{impl#4}::to_ascii","tests":28,"tests_lines":[36,23,12,24,14,15,23,16,20,45,17,16,18,13,14,47,10,11,19,10,18,15,14,36,14,10,16,17],"tests_compiled":9,"tests_compiled_rate":32.142857142857146,"tests_run":9,"tests_passed":6,"tests_passed_rate":66.66666666666666,"lines":30,"lines_covered":24,"lines_coveraged_rate":80.0,"branches":1,"branches_covered":1,"branches_coveraged_rate":100.0}