{"function_name":"idna::uts46::{impl#0}::new","tests":46,"tests_lines":[11,10,13,15,27,11,22,14,18,11,7,13,12,14,15,15,12,17,7,9,6,5,14,7,12,6,15,21,5,13,6,10,8,7,8,5,10,6,12,6,6,6,18,16,12,8],"tests_compiled":31,"tests_compiled_rate":67.3913043478261,"tests_run":31,"tests_passed":22,"tests_passed_rate":70.96774193548387,"lines":22,"lines_covered":22,"lines_coveraged_rate":100.0,"branches":1,"branches_covered":1,"branches_coveraged_rate":100.0}