{"function_name":"idna::uts46::check_hyphens","tests":25,"tests_lines":[12,8,11,8,11,8,46,15,15,15,15,10,10,15,35,12,13,13,15,10,18,13,18,15,10],"tests_compiled":23,"tests_compiled_rate":92.0,"tests_run":23,"tests_passed":13,"tests_passed_rate":56.52173913043478,"lines":37,"lines_covered":33,"lines_coveraged_rate":89.1891891891892,"branches":1,"branches_covered":1,"branches_coveraged_rate":100.0}