{"function_name":"idna::deprecated::{impl#0}::to_ascii","tests":30,"tests_lines":[33,16,20,20,38,30,15,51,29,25,33,15,19,16,36,44,36,47,14,23,16,17,21,24,21,16,14,14,14,19],"tests_compiled":4,"tests_compiled_rate":13.333333333333334,"tests_run":4,"tests_passed":2,"tests_passed_rate":50.0,"lines":23,"lines_covered":18,"lines_coveraged_rate":78.26086956521739,"branches":1,"branches_covered":1,"branches_coveraged_rate":100.0}