{"function_name":"url::path_to_file_url_segments_windows","tests":41,"tests_lines":[10,9,10,9,14,19,14,22,24,20,9,14,10,17,8,11,8,21,19,23,10,8,11,16,15,24,25,22,39,21,12,19,26,16,11,16,13,45,10,6,6],"tests_compiled":27,"tests_compiled_rate":65.85365853658537,"tests_run":27,"tests_passed":13,"tests_passed_rate":48.148148148148145,"lines":50,"lines_covered":16,"lines_coveraged_rate":32.0,"branches":1,"branches_covered":1,"branches_coveraged_rate":100.0}