{"function_name":"url::file_url_segments_to_pathbuf_windows","tests":39,"tests_lines":[8,18,8,9,8,8,12,10,13,67,49,50,10,10,14,10,13,13,22,24,30,19,11,10,12,12,8,8,8,12,28,8,12,43,26,17,19,40,14],"tests_compiled":21,"tests_compiled_rate":53.84615384615385,"tests_run":21,"tests_passed":3,"tests_passed_rate":14.285714285714285,"lines":47,"lines_covered":29,"lines_coveraged_rate":61.702127659574465,"branches":1,"branches_covered":1,"branches_coveraged_rate":100.0}