{"function_name":"url::quirks::set_host","tests":27,"tests_lines":[17,17,32,20,17,17,22,22,23,29,25,22,24,16,19,16,20,20,20,21,27,22,18,18,18,18,18],"tests_compiled":5,"tests_compiled_rate":18.51851851851852,"tests_run":5,"tests_passed":2,"tests_passed_rate":40.0,"lines":34,"lines_covered":28,"lines_coveraged_rate":82.35294117647058,"branches":1,"branches_covered":1,"branches_coveraged_rate":100.0}