{"function_name":"url::{impl#1}::set_username","tests":29,"tests_lines":[5,5,9,5,6,5,7,7,7,7,10,16,8,11,11,11,10,13,12,13,14,8,8,8,13,8,7,5,9],"tests_compiled":26,"tests_compiled_rate":89.65517241379311,"tests_run":26,"tests_passed":16,"tests_passed_rate":61.53846153846154,"lines":48,"lines_covered":44,"lines_coveraged_rate":91.66666666666666,"branches":1,"branches_covered":1,"branches_coveraged_rate":100.0}