{"function_name":"url::quirks::set_hostname","tests":36,"tests_lines":[17,17,24,18,22,23,25,6,6,6,25,27,30,29,30,28,20,25,27,7,10,10,15,7,9,10,20,20,10,8,13,5,34,15,8,11],"tests_compiled":12,"tests_compiled_rate":33.33333333333333,"tests_run":12,"tests_passed":2,"tests_passed_rate":16.666666666666664,"lines":26,"lines_covered":16,"lines_coveraged_rate":61.53846153846154,"branches":1,"branches_covered":1,"branches_coveraged_rate":100.0}