{"function_name":"url::{impl#1}::set_password","tests":24,"tests_lines":[5,5,5,5,5,28,19,24,8,10,14,12,6,15,9,6,18,16,16,24,24,24,5,7],"tests_compiled":22,"tests_compiled_rate":91.66666666666666,"tests_run":22,"tests_passed":10,"tests_passed_rate":45.45454545454545,"lines":53,"lines_covered":50,"lines_coveraged_rate":94.33962264150944,"branches":1,"branches_covered":1,"branches_coveraged_rate":100.0}