{"function_name":"url::origin::url_origin","tests":36,"tests_lines":[26,6,9,9,20,16,28,29,22,5,9,5,19,5,5,6,6,6,6,6,16,23,44,20,22,5,5,5,7,5,10,5,29,16,29,18],"tests_compiled":7,"tests_compiled_rate":19.444444444444446,"tests_run":7,"tests_passed":2,"tests_passed_rate":28.57142857142857,"lines":16,"lines_covered":14,"lines_coveraged_rate":87.5,"branches":1,"branches_covered":1,"branches_coveraged_rate":100.0}