{"function_name":"url::host::parse_ipv6addr","tests":94,"tests_lines":[5,5,5,7,5,5,5,7,5,7,5,6,5,5,5,5,5,5,7,7,7,7,9,5,5,7,7,6,7,5,6,11,8,6,5,5,9,5,24,9,5,5,6,5,6,7,6,28,6,5,5,6,5,5,8,5,5,5,11,6,5,5,5,5,5,30,5,5,10,5,6,5,7,7,5,5,7,9,9,7,5,7,5,5,5,6,5,5,5,6,7,7,6,9],"tests_compiled":88,"tests_compiled_rate":93.61702127659575,"tests_run":88,"tests_passed":44,"tests_passed_rate":50.0,"lines":122,"lines_covered":118,"lines_coveraged_rate":96.72131147540983,"branches":1,"branches_covered":1,"branches_coveraged_rate":100.0}