{"function_name":"url::{impl#1}::set_host","tests":62,"tests_lines":[6,7,9,9,14,13,9,10,13,10,8,10,18,8,15,10,10,8,9,11,9,7,8,8,11,8,14,12,10,6,6,10,6,11,8,8,22,27,5,6,6,6,6,7,7,8,25,19,41,8,18,9,7,8,15,8,10,8,6,6,6,6],"tests_compiled":35,"tests_compiled_rate":56.451612903225815,"tests_run":35,"tests_passed":24,"tests_passed_rate":68.57142857142857,"lines":51,"lines_covered":45,"lines_coveraged_rate":88.23529411764706,"branches":1,"branches_covered":1,"branches_coveraged_rate":100.0}