{"function_name":"regex_syntax::hir::{impl#22}::from_repr","tests":119,"tests_lines":[28,38,22,22,36,23,38,22,22,40,42,42,38,36,36,40,22,38,56,5,5,5,5,5,7,5,6,13,5,7,7,5,7,5,7,7,7,5,5,5,12,7,5,5,14,5,13,5,5,5,5,5,7,5,23,7,7,5,24,5,13,7,7,5,59,10,59,5,5,10,10,5,5,10,7,5,7,7,5,5,5,7,5,7,10,5,7,5,5,5,7,5,5,5,6,5,7,5,7,7,5,7,5,7,5,5,5,5,5,56,5,5,5,62,8,5,7,5,5],"tests_compiled":112,"tests_compiled_rate":94.11764705882352,"tests_run":112,"tests_passed":67,"tests_passed_rate":59.82142857142857,"lines":22,"lines_covered":22,"lines_coveraged_rate":100.0,"branches":1,"branches_covered":1,"branches_coveraged_rate":100.0}