{"function_name":"regex_syntax::hir::translate::ascii_class","tests":123,"tests_lines":[8,9,7,6,7,7,8,8,7,73,13,9,9,10,9,7,13,67,15,22,7,9,7,61,20,12,10,7,9,7,8,7,7,13,9,10,7,20,20,7,33,7,7,7,8,43,7,59,8,7,6,56,6,19,19,32,6,19,19,19,9,36,19,6,8,7,7,6,19,19,27,32,6,6,50,19,9,6,27,8,6,18,7,8,18,18,18,18,18,18,18,18,18,18,18,7,7,7,7,12,8,9,8,7,20,8,7,20,8,7,6,6,6,47,6,6,6,7,32,48,6,6,6],"tests_compiled":109,"tests_compiled_rate":88.6178861788618,"tests_run":109,"tests_passed":105,"tests_passed_rate":96.3302752293578,"lines":25,"lines_covered":25,"lines_coveraged_rate":100.0,"branches":1,"branches_covered":1,"branches_coveraged_rate":100.0}