{"function_name":"regex_syntax::ast::parse::{impl#5}::maybe_parse_ascii_class","tests":26,"tests_lines":[21,41,21,30,34,31,30,34,22,60,26,26,64,56,53,49,96,10,14,22,22,22,27,46,29,24],"tests_compiled":14,"tests_compiled_rate":53.84615384615385,"tests_run":14,"tests_passed":12,"tests_passed_rate":85.71428571428571,"lines":59,"lines_covered":27,"lines_coveraged_rate":45.76271186440678,"branches":1,"branches_covered":1,"branches_coveraged_rate":100.0}