{"function_name":"regex_automata::util::look::{impl#0}::reversed","tests":186,"tests_lines":[5,5,5,5,5,18,5,5,22,22,22,22,22,22,22,22,22,23,22,22,22,22,6,25,6,23,5,5,5,7,5,5,5,8,22,5,5,6,14,16,23,23,23,5,23,22,7,5,21,5,5,9,22,24,22,22,44,50,5,21,5,6,16,37,8,37,24,21,13,5,5,6,19,5,22,22,23,14,22,23,12,7,10,22,22,5,20,8,5,53,22,5,5,5,22,22,5,8,22,22,5,5,7,26,22,5,22,7,23,27,18,23,22,22,22,5,6,8,6,23,22,20,5,5,5,18,24,18,24,5,5,22,5,21,22,5,5,20,18,41,18,16,7,22,20,12,22,53,20,20,5,5,5,22,8,5,19,22,12,22,22,21,22,47,23,5,22,5,5,22,22,41,22,22,22,22,22,22,22,22,22,22,22,41,22,22],"tests_compiled":149,"tests_compiled_rate":80.10752688172043,"tests_run":149,"tests_passed":139,"tests_passed_rate":93.28859060402685,"lines":21,"lines_covered":21,"lines_coveraged_rate":100.0,"branches":1,"branches_covered":1,"branches_coveraged_rate":100.0}