{"function_name":"regex_automata::util::start::{impl#3}::from_usize","tests":45,"tests_lines":[16,11,10,11,16,11,10,5,12,5,23,23,8,7,6,5,5,5,7,7,5,5,5,7,7,7,5,5,7,8,7,31,7,5,5,8,5,5,23,11,7,5,23,5,5],"tests_compiled":42,"tests_compiled_rate":93.33333333333333,"tests_run":42,"tests_passed":32,"tests_passed_rate":76.19047619047619,"lines":10,"lines_covered":10,"lines_coveraged_rate":100.0,"branches":1,"branches_covered":1,"branches_coveraged_rate":100.0}