{"function_name":"regex::regex::string::{impl#5}::replacen","tests":34,"tests_lines":[9,17,9,30,28,29,9,13,8,15,16,18,13,10,10,19,25,12,8,9,12,16,13,15,8,8,8,16,21,16,9,14,14,13],"tests_compiled":3,"tests_compiled_rate":8.823529411764707,"tests_run":3,"tests_passed":3,"tests_passed_rate":100.0,"lines":43,"lines_covered":23,"lines_coveraged_rate":53.48837209302325,"branches":1,"branches_covered":1,"branches_coveraged_rate":100.0}