{"function_name":"regex_automata::util::wire::alloc_aligned_buffer","tests":48,"tests_lines":[8,10,10,10,29,12,19,19,17,13,17,13,9,12,10,11,11,11,17,14,19,20,20,10,10,9,10,10,9,13,7,9,12,9,9,9,11,11,8,10,10,10,9,12,10,11,11,13],"tests_compiled":38,"tests_compiled_rate":79.16666666666666,"tests_run":38,"tests_passed":21,"tests_passed_rate":55.26315789473685,"lines":42,"lines_covered":27,"lines_coveraged_rate":64.28571428571429,"branches":1,"branches_covered":1,"branches_coveraged_rate":100.0}