{"function_name":"regex_lite::hir::parse::is_hex","tests":36,"tests_lines":[5,5,14,14,30,41,11,14,14,14,10,26,31,5,5,14,5,14,31,18,15,14,14,14,11,12,9,12,7,14,5,14,5,5,9,7],"tests_compiled":35,"tests_compiled_rate":97.22222222222221,"tests_run":35,"tests_passed":25,"tests_passed_rate":71.42857142857143,"lines":3,"lines_covered":3,"lines_coveraged_rate":100.0,"branches":1,"branches_covered":1,"branches_coveraged_rate":100.0}