{"function_name":"regex_syntax::ast::parse::{impl#5}::parse_set_class_range","tests":33,"tests_lines":[10,13,10,10,28,84,44,42,43,39,43,35,30,34,42,66,69,29,48,73,27,54,57,85,90,92,75,56,50,32,34,22,97],"tests_compiled":9,"tests_compiled_rate":27.27272727272727,"tests_run":9,"tests_passed":3,"tests_passed_rate":33.33333333333333,"lines":33,"lines_covered":32,"lines_coveraged_rate":96.96969696969697,"branches":1,"branches_covered":1,"branches_coveraged_rate":100.0}