{"function_name":"regex_lite::hir::{impl#2}::subs","tests":30,"tests_lines":[35,47,38,46,32,33,39,26,44,25,25,25,32,25,8,14,16,17,40,44,7,13,17,13,13,34,12,12,17,12],"tests_compiled":14,"tests_compiled_rate":46.666666666666664,"tests_run":14,"tests_passed":12,"tests_passed_rate":85.71428571428571,"lines":8,"lines_covered":8,"lines_coveraged_rate":100.0,"branches":1,"branches_covered":1,"branches_coveraged_rate":100.0}