{"function_name":"regex_automata::nfa::thompson::range_trie::{impl#0}::insert","tests":54,"tests_lines":[5,11,11,28,15,11,19,20,17,16,14,14,13,20,18,21,28,28,24,26,22,28,31,31,22,24,25,25,35,27,25,30,41,29,31,31,32,31,51,48,27,24,22,21,19,24,21,20,10,15,18,21,14,14],"tests_compiled":6,"tests_compiled_rate":11.11111111111111,"tests_run":6,"tests_passed":2,"tests_passed_rate":33.33333333333333,"lines":108,"lines_covered":105,"lines_coveraged_rate":97.22222222222221,"branches":1,"branches_covered":1,"branches_coveraged_rate":100.0}