{"function_name":"regex::regex::bytes::{impl#5}::replacen","tests":33,"tests_lines":[16,16,18,14,12,17,15,16,7,14,8,17,16,13,14,10,14,14,14,19,10,10,14,14,18,9,13,17,15,13,16,11,14],"tests_compiled":4,"tests_compiled_rate":12.121212121212121,"tests_run":4,"tests_passed":2,"tests_passed_rate":50.0,"lines":43,"lines_covered":22,"lines_coveraged_rate":51.162790697674424,"branches":1,"branches_covered":1,"branches_coveraged_rate":100.0}