{"function_name":"regex_automata::dfa::dense::{impl#22}::from_bytes_unchecked","tests":37,"tests_lines":[6,9,6,11,6,25,14,24,13,10,25,63,6,37,13,40,34,26,18,32,44,24,27,34,23,37,32,41,41,42,28,37,37,37,50,54,31],"tests_compiled":13,"tests_compiled_rate":35.13513513513514,"tests_run":13,"tests_passed":4,"tests_passed_rate":30.76923076923077,"lines":53,"lines_covered":53,"lines_coveraged_rate":100.0,"branches":1,"branches_covered":1,"branches_coveraged_rate":100.0}