{"function_name":"regex_lite::hir::{impl#6}::drop","tests":53,"tests_lines":[15,27,74,27,14,34,30,33,37,30,33,18,18,18,19,14,18,22,28,27,56,23,32,20,23,22,50,46,43,38,28,44,24,27,37,14,19,14,90,32,75,13,13,14,17,13,18,45,13,10,10,11,10],"tests_compiled":2,"tests_compiled_rate":3.7735849056603774,"tests_run":2,"tests_passed":2,"tests_passed_rate":100.0,"lines":28,"lines_covered":17,"lines_coveraged_rate":60.71428571428571,"branches":1,"branches_covered":1,"branches_coveraged_rate":100.0}