{"function_name":"regex_syntax::hir::{impl#22}::reversed","tests":232,"tests_lines":[5,5,5,7,5,22,22,22,22,22,22,22,22,5,22,8,7,22,57,5,5,5,5,23,23,14,30,5,5,5,5,5,5,5,5,5,5,13,5,5,7,5,23,22,22,25,24,5,24,5,5,22,8,5,5,20,5,75,5,5,5,9,5,5,5,5,5,23,21,21,17,21,21,21,4,23,5,21,4,4,4,4,4,5,4,13,22,4,22,4,17,22,22,4,4,4,21,8,21,4,20,4,5,12,5,5,5,11,5,5,6,5,5,21,7,5,5,8,5,5,5,5,22,22,17,47,23,35,5,5,18,5,5,29,65,22,5,5,5,5,5,5,5,5,22,16,5,5,20,5,5,5,5,5,19,24,8,7,5,7,5,23,29,10,22,9,5,7,5,10,5,18,20,4,4,4,4,4,5,22,5,22,21,4,14,9,21,4,4,4,7,7,5,5,12,22,16,14,7,5,16,18,18,7,18,18,5,18,22,5,5,9,23,5,4,21,21,21,21,23,21,21,21,21,21,21,21,21,21,21,21,21],"tests_compiled":197,"tests_compiled_rate":84.91379310344827,"tests_run":197,"tests_passed":168,"tests_passed_rate":85.27918781725889,"lines":21,"lines_covered":21,"lines_coveraged_rate":100.0,"branches":1,"branches_covered":1,"branches_coveraged_rate":100.0}