{"function_name":"regex_syntax::hir::{impl#5}::alternation","tests":23,"tests_lines":[12,10,13,12,14,12,39,16,23,5,9,14,12,24,12,52,44,30,18,12,24,28,23],"tests_compiled":7,"tests_compiled_rate":30.434782608695656,"tests_run":7,"tests_passed":3,"tests_passed_rate":42.857142857142854,"lines":44,"lines_covered":34,"lines_coveraged_rate":77.27272727272727,"branches":1,"branches_covered":1,"branches_coveraged_rate":100.0}