{"function_name":"regex_automata::util::look::{impl#0}::from_repr","tests":157,"tests_lines":[22,22,22,22,38,22,23,21,38,23,20,40,34,40,21,5,7,5,23,5,24,23,6,5,5,5,5,15,9,5,25,25,11,6,11,11,5,5,5,8,9,5,27,5,5,5,11,11,22,5,9,5,9,5,20,5,5,5,7,5,5,8,10,5,7,5,23,25,5,23,5,7,24,5,24,24,5,5,25,6,8,16,5,8,23,25,5,20,24,8,24,5,24,5,5,28,5,7,5,7,5,5,5,5,5,5,5,14,23,23,7,5,7,6,50,23,65,25,5,7,65,5,5,87,26,45,6,5,5,119,5,7,9,22,5,5,5,5,8,5,56,5,5,7,24,5,5,9,5,5,24,5,7,62,5,5,23],"tests_compiled":126,"tests_compiled_rate":80.2547770700637,"tests_run":126,"tests_passed":86,"tests_passed_rate":68.25396825396825,"lines":22,"lines_covered":22,"lines_coveraged_rate":100.0,"branches":1,"branches_covered":1,"branches_coveraged_rate":100.0}