{"function_name":"regex_lite::hir::parse::{impl#1}::parse_escape","tests":192,"tests_lines":[20,27,20,20,20,29,16,29,29,17,16,29,17,17,20,20,49,10,43,19,66,12,10,10,10,8,70,17,30,145,220,43,14,56,14,24,14,33,14,14,48,168,24,20,44,34,14,46,14,27,62,19,19,19,65,35,27,19,19,19,107,35,83,25,32,30,30,92,96,46,41,83,22,28,29,16,16,24,24,21,27,33,35,23,20,21,26,22,25,31,21,21,116,19,25,38,41,17,25,113,26,31,29,39,38,36,36,25,26,27,26,29,35,25,41,27,24,28,35,71,63,52,25,17,30,22,165,30,30,41,26,19,31,29,22,33,38,36,30,28,26,37,34,37,28,31,32,19,21,21,21,22,50,20,224,22,21,33,35,25,22,27,33,141,27,32,23,39,20,150,25,25,39,33,27,17,31,23,27,24,24,19,30,19,19,19,20,26,19,26,21,20],"tests_compiled":87,"tests_compiled_rate":45.3125,"tests_run":87,"tests_passed":24,"tests_passed_rate":27.586206896551722,"lines":43,"lines_covered":39,"lines_coveraged_rate":90.69767441860465,"branches":1,"branches_covered":1,"branches_coveraged_rate":100.0}