{"function_name":"regex_syntax::ast::parse::is_capture_char","tests":38,"tests_lines":[22,16,7,15,6,21,6,13,6,6,6,6,6,6,6,6,6,8,15,14,13,12,13,11,6,8,10,22,12,12,11,16,11,7,10,10,18,16],"tests_compiled":36,"tests_compiled_rate":94.73684210526315,"tests_run":36,"tests_passed":21,"tests_passed_rate":58.333333333333336,"lines":5,"lines_covered":5,"lines_coveraged_rate":100.0,"branches":1,"branches_covered":1,"branches_coveraged_rate":100.0}