{"function_name":"regex_lite::hir::parse::{impl#1}::parse_class","tests":61,"tests_lines":[66,66,68,20,20,29,25,22,27,22,30,24,30,30,34,19,22,19,17,26,29,26,37,37,35,33,27,34,41,23,19,24,28,27,29,30,48,52,12,14,13,30,32,37,39,31,16,20,16,25,20,25,20,23,19,21,17,23,17,17,21],"tests_compiled":5,"tests_compiled_rate":8.19672131147541,"tests_run":5,"tests_passed":0,"tests_passed_rate":0.0,"lines":59,"lines_covered":29,"lines_coveraged_rate":49.152542372881356,"branches":1,"branches_covered":1,"branches_coveraged_rate":100.0}