{"function_name":"regex_automata::util::interpolate::string","tests":27,"tests_lines":[15,15,15,18,98,17,26,10,58,16,20,24,28,30,32,17,27,33,26,25,15,19,16,24,24,13,10],"tests_compiled":23,"tests_compiled_rate":85.18518518518519,"tests_run":23,"tests_passed":6,"tests_passed_rate":26.08695652173913,"lines":35,"lines_covered":32,"lines_coveraged_rate":91.42857142857143,"branches":1,"branches_covered":1,"branches_coveraged_rate":100.0}