{"function_name":"regex_syntax::unicode::symbolic_name_normalize_bytes","tests":67,"tests_lines":[8,20,9,10,14,9,7,6,14,11,10,9,9,10,27,11,10,22,9,6,11,33,9,9,10,6,16,31,9,9,11,22,10,13,11,16,14,21,8,23,9,27,18,18,14,18,23,6,11,12,8,27,11,7,19,21,27,48,14,33,21,18,43,22,12,15,28],"tests_compiled":49,"tests_compiled_rate":73.13432835820896,"tests_run":49,"tests_passed":13,"tests_passed_rate":26.53061224489796,"lines":35,"lines_covered":35,"lines_coveraged_rate":100.0,"branches":1,"branches_covered":1,"branches_coveraged_rate":100.0}