{"function_name":"regex_syntax::hir::{impl#27}::contains_word_ascii","tests":30,"tests_lines":[11,15,31,15,29,11,9,17,18,11,21,17,11,21,13,17,12,18,6,6,13,5,10,11,10,11,15,11,6,15],"tests_compiled":23,"tests_compiled_rate":76.66666666666667,"tests_run":23,"tests_passed":20,"tests_passed_rate":86.95652173913044,"lines":8,"lines_covered":8,"lines_coveraged_rate":100.0,"branches":1,"branches_covered":1,"branches_coveraged_rate":100.0}