{"function_name":"regex_automata::nfa::thompson::range_trie::{impl#3}::new","tests":54,"tests_lines":[6,6,6,6,6,9,6,6,8,6,6,9,46,6,20,6,11,6,6,7,6,9,9,6,6,7,6,9,6,8,6,6,6,8,10,10,10,9,6,8,40,9,6,19,56,6,6,6,6,13,6,14,6,9],"tests_compiled":14,"tests_compiled_rate":25.925925925925924,"tests_run":14,"tests_passed":8,"tests_passed_rate":57.14285714285714,"lines":36,"lines_covered":25,"lines_coveraged_rate":69.44444444444444,"branches":1,"branches_covered":1,"branches_coveraged_rate":100.0}