{"function_name":"regex_syntax::hir::translate::{impl#5}::pop_alt_expr","tests":34,"tests_lines":[44,11,13,22,14,18,16,16,21,18,31,35,14,14,14,59,35,37,45,20,18,39,44,57,21,20,15,47,21,21,19,21,43,17],"tests_compiled":13,"tests_compiled_rate":38.23529411764706,"tests_run":13,"tests_passed":9,"tests_passed_rate":69.23076923076923,"lines":13,"lines_covered":10,"lines_coveraged_rate":76.92307692307693,"branches":1,"branches_covered":1,"branches_coveraged_rate":100.0}