{"function_name":"regex_automata::util::look::{impl#0}::as_char","tests":228,"tests_lines":[5,7,7,7,7,22,7,5,5,5,22,5,23,7,24,5,5,5,5,5,5,5,5,5,5,5,5,19,5,5,5,5,5,5,5,5,27,22,7,23,21,5,24,6,37,5,8,23,5,5,5,5,5,5,20,6,6,22,22,23,5,22,22,5,22,23,23,5,9,5,5,5,23,22,22,39,5,75,5,39,23,21,21,22,5,7,5,5,5,5,37,5,38,9,5,5,5,22,6,22,21,6,23,20,22,22,5,22,8,5,5,22,5,22,6,5,22,5,21,5,23,5,6,19,5,14,22,5,22,5,22,5,22,5,20,5,22,23,22,23,5,7,7,5,22,23,5,23,22,38,7,8,7,22,5,7,7,7,22,5,22,22,8,22,7,5,5,21,9,5,22,5,5,5,5,40,21,5,5,5,18,20,5,5,18,23,5,5,22,7,5,7,5,22,22,5,5,5,7,22,22,22,22,22,22,22,22,22,5,5,5,22,22,22,5,22,22,22,22,22,22,22,22,22,22,22,22,22],"tests_compiled":212,"tests_compiled_rate":92.98245614035088,"tests_run":212,"tests_passed":204,"tests_passed_rate":96.22641509433963,"lines":21,"lines_covered":21,"lines_coveraged_rate":100.0,"branches":1,"branches_covered":1,"branches_coveraged_rate":100.0}