{"function_name":"regex_syntax::unicode::class","tests":47,"tests_lines":[14,6,10,27,56,10,27,45,24,45,11,9,9,14,25,11,42,27,15,13,42,41,49,15,48,38,21,21,10,14,10,13,12,48,22,16,16,19,40,9,21,23,10,14,13,18,19],"tests_compiled":12,"tests_compiled_rate":25.53191489361702,"tests_run":12,"tests_passed":1,"tests_passed_rate":8.333333333333332,"lines":22,"lines_covered":20,"lines_coveraged_rate":90.9090909090909,"branches":1,"branches_covered":1,"branches_coveraged_rate":100.0}