{"function_name":"regex_lite::hir::parse::posix_class","tests":95,"tests_lines":[11,7,7,46,12,13,25,13,10,14,10,4,14,8,4,11,9,21,5,8,8,9,15,11,10,5,12,9,13,14,26,11,14,24,8,9,6,8,14,14,9,12,15,13,9,12,13,17,14,17,12,8,50,12,5,6,5,13,6,6,10,10,15,8,10,4,26,4,17,9,4,16,17,15,5,12,10,7,11,28,13,6,10,12,8,45,6,5,5,4,5,5,8,5,18],"tests_compiled":23,"tests_compiled_rate":24.210526315789473,"tests_run":23,"tests_passed":20,"tests_passed_rate":86.95652173913044,"lines":31,"lines_covered":31,"lines_coveraged_rate":100.0,"branches":1,"branches_covered":1,"branches_coveraged_rate":100.0}