{"function_name":"regex_automata::dfa::minimize::{impl#2}::intersection","tests":30,"tests_lines":[7,11,10,14,14,12,17,19,14,25,19,26,20,21,44,22,20,22,14,23,34,24,39,18,18,18,20,19,17,16],"tests_compiled":1,"tests_compiled_rate":3.3333333333333335,"tests_run":1,"tests_passed":1,"tests_passed_rate":100.0,"lines":26,"lines_covered":5,"lines_coveraged_rate":19.230769230769234,"branches":1,"branches_covered":1,"branches_coveraged_rate":100.0}