{"function_name":"regex_syntax::hir::literal::{impl#4}::cross_forward","tests":22,"tests_lines":[20,21,30,20,20,26,39,14,23,20,39,19,19,12,16,21,22,17,20,10,15,13],"tests_compiled":6,"tests_compiled_rate":27.27272727272727,"tests_run":6,"tests_passed":1,"tests_passed_rate":16.666666666666664,"lines":24,"lines_covered":20,"lines_coveraged_rate":83.33333333333334,"branches":1,"branches_covered":1,"branches_coveraged_rate":100.0}