{"function_name":"regex_lite::hir::parse::{impl#1}::maybe_parse_special_word_boundary","tests":31,"tests_lines":[23,21,24,29,20,26,34,16,19,16,33,32,30,26,25,16,27,48,38,29,27,16,16,22,21,25,20,58,24,23,24],"tests_compiled":16,"tests_compiled_rate":51.61290322580645,"tests_run":16,"tests_passed":3,"tests_passed_rate":18.75,"lines":38,"lines_covered":30,"lines_coveraged_rate":78.94736842105263,"branches":1,"branches_covered":1,"branches_coveraged_rate":100.0}