{"function_name":"regex_syntax::ast::parse::{impl#5}::parse_group","tests":35,"tests_lines":[18,19,13,13,31,41,16,16,14,12,38,40,30,40,19,63,48,47,46,41,31,28,32,29,36,39,37,37,18,19,13,18,10,13,13],"tests_compiled":5,"tests_compiled_rate":14.285714285714285,"tests_run":5,"tests_passed":1,"tests_passed_rate":20.0,"lines":56,"lines_covered":34,"lines_coveraged_rate":60.71428571428571,"branches":1,"branches_covered":1,"branches_coveraged_rate":100.0}