{"function_name":"regex_syntax::hir::{impl#22}::as_char","tests":259,"tests_lines":[5,5,5,8,5,5,7,8,5,7,5,5,5,5,7,6,5,5,5,22,22,22,22,8,22,5,5,5,5,5,5,5,5,5,5,5,5,5,5,5,23,5,5,19,5,5,14,5,5,5,5,22,5,5,6,5,9,5,5,5,6,5,14,24,5,5,5,22,5,5,20,5,5,57,5,22,5,5,5,5,6,5,5,5,7,23,5,23,22,5,5,23,5,5,7,5,22,5,5,22,5,22,22,7,5,7,5,5,22,22,22,7,21,16,22,16,7,22,5,8,7,8,37,7,7,7,23,7,5,7,7,5,25,5,20,5,5,7,22,5,5,5,5,6,5,5,28,16,5,5,16,5,40,5,20,7,5,7,22,7,5,5,7,5,6,23,7,5,5,5,5,5,5,22,5,20,35,7,5,5,5,39,5,35,5,22,5,20,5,5,5,5,5,5,7,5,5,5,5,22,5,20,5,5,5,5,5,5,5,7,7,7,5,5,5,35,5,37,20,31,5,39,5,5,5,5,5,5,6,5,5,5,5,5,5,5,5,5,5,22,40,5,5,5,5,22,5,22,22,22,5,22,5,22,5,5,22,22,5],"tests_compiled":251,"tests_compiled_rate":96.91119691119691,"tests_run":251,"tests_passed":232,"tests_passed_rate":92.43027888446214,"lines":21,"lines_covered":21,"lines_coveraged_rate":100.0,"branches":1,"branches_covered":1,"branches_coveraged_rate":100.0}