{"function_name":"regex_automata::util::look::{impl#4}::add_to_byteset","tests":55,"tests_lines":[20,19,264,19,14,14,11,20,10,8,16,18,17,18,12,8,12,9,19,17,16,18,15,264,14,19,17,18,14,15,13,18,12,23,8,11,9,11,15,12,16,15,11,11,8,15,20,13,17,17,11,12,10,12,11],"tests_compiled":3,"tests_compiled_rate":5.454545454545454,"tests_run":3,"tests_passed":3,"tests_passed_rate":100.0,"lines":28,"lines_covered":25,"lines_coveraged_rate":89.28571428571429,"branches":1,"branches_covered":1,"branches_coveraged_rate":100.0}