{"function_name":"regex_syntax::ast::parse::{impl#5}::parse_escape","tests":193,"tests_lines":[68,65,63,62,113,67,69,58,31,30,26,30,30,30,31,27,24,27,43,32,51,53,74,80,64,87,56,74,72,44,24,25,106,30,30,30,30,27,46,19,22,158,23,130,18,16,17,68,9,15,15,11,11,19,11,18,65,11,14,11,11,32,71,34,32,29,32,30,34,27,152,77,56,68,122,15,8,22,17,30,8,15,12,12,12,15,36,25,19,17,33,9,18,39,16,12,11,16,144,11,15,8,14,11,12,13,14,130,8,13,66,13,12,132,30,40,478,42,47,27,64,56,17,17,28,14,55,17,20,14,21,22,23,20,32,9,14,13,9,15,17,63,121,29,38,56,32,48,37,42,45,33,24,49,24,35,33,42,51,51,14,14,10,28,28,28,20,17,9,9,9,16,9,9,10,7,10,28,7,11,7,6,7,8,12,9,9,8,6,7,9,10,10],"tests_compiled":15,"tests_compiled_rate":7.772020725388601,"tests_run":15,"tests_passed":2,"tests_passed_rate":13.333333333333334,"lines":106,"lines_covered":52,"lines_coveraged_rate":49.056603773584904,"branches":1,"branches_covered":1,"branches_coveraged_rate":100.0}